Image Link,Shoe Name,Price
//us.princesspolly.com/cdn/shop/products/0_decb9a78-5473-426d-baed-dd84a0ce80a1_450x610.jpg?v=1649913830,Shoreside Sandals Natural,$55.00
//us.princesspolly.com/cdn/shop/products/SUNSET-BOULEVARD-HEELS-WHITE_450x610.jpg?v=1632696741,Sunset Boulevard Heels White,$59.00
//us.princesspolly.com/cdn/shop/products/Ma-Belle-Sandals-Black_450x610.jpg?v=1694118954,Ma Belle Sandals Black,$64.00
//us.princesspolly.com/cdn/shop/files/0_72d981d9-3328-4654-b51b-88806a5eb753_450x610.jpg?v=1704425459,Ma Belle Sandals Contrast Stitch Chocolate,$64.00
,Tampa Sandals Black,$59.00
,Everlasting Satin Platform Heels Champagne,$75.00
,Bayshore Sandals White,$65.00
,Keeley Boots Matte Black,$80.00
,Signature Heels Blue Denim,$55.00
,Aja Sandals Black,$75.00
,Wrecked Western Boots Black,$89.00
,Voodoo Sandals Black,$65.00
,Ma Belle Sandals Contrast Stitch,$64.00
,Therapy Sable Platforms,$59.00
,Barbados Sandals Natural,$65.00
,Teala Boots Black,$95.00
,The Mona Heels Black,$45.00
,Compelling Pointed Toe Heels Beige,$55.00
,The Becka Heels White,$45.00
,Billini Urson Boots Chocolate / White,$115.00
,Ma Belle Sandals Chocolate,$64.00
,Riki Mini Belt Sandals Black,$65.00
,Renzo Knee High Boots Black,$75.00
,Billini Ayla Pointed Toe Heels Black,$75.00
,Teala Boots Brown,$95.00
,Remi Sandals Chocolate,$59.00
,Brook Heels White,$80.00
,The Becka Heels Black,$45.00
,Cammie Heels Cream,$65.00
,Billini Urson Boots White,$115.00
,The Becka Heels Beige,$45.00
,Renzo Knee High Boots Brown,$75.00
,Infinity Heels Black,$52.00
,Billini Urson Boots Tan,$115.00
,Jesper Espadrille Wedged Heels White Croc,$59.00
,Hardy Boots Black,$109.00
,Roxxie Sandals Beige Linen,$70.00
,Ma Belle Sandals Cream Suede,$64.00
,Charisma Pointed Toe Heels Black,$55.00
,Brielle Heels Pink,$63.00
,Tampa Sandals Beige,$59.00
,Cammie Heels Black,$65.00
,Riley Boots Black,$80.00
,Zumma Flats Patent Black,$75.00
,Therapy Nawty Sandals Black,$79.95
,Calile Heels Black,$55.00
,Ma Belle Sandals Tan,$64.00
,Fairytale Heels Cream,$69.00
